{
    "name": "root",
    "gauges": {
        "AnimalAgent.Policy.Entropy.mean": {
            "value": 1.7186306715011597,
            "min": 1.7186306715011597,
            "max": 2.1945056915283203,
            "count": 10
        },
        "AnimalAgent.Policy.Entropy.sum": {
            "value": 85959.03125,
            "min": 85959.03125,
            "max": 112499.140625,
            "count": 10
        },
        "AnimalAgent.Step.mean": {
            "value": 499984.0,
            "min": 49944.0,
            "max": 499984.0,
            "count": 10
        },
        "AnimalAgent.Step.sum": {
            "value": 499984.0,
            "min": 49944.0,
            "max": 499984.0,
            "count": 10
        },
        "AnimalAgent.Policy.ExtrinsicValueEstimate.mean": {
            "value": 2.064742088317871,
            "min": 1.2506595849990845,
            "max": 2.8978137969970703,
            "count": 10
        },
        "AnimalAgent.Policy.ExtrinsicValueEstimate.sum": {
            "value": 1957.3756103515625,
            "min": 1186.8759765625,
            "max": 3320.89453125,
            "count": 10
        },
        "AnimalAgent.Environment.EpisodeLength.mean": {
            "value": 144.19942196531792,
            "min": 87.97377622377623,
            "max": 144.19942196531792,
            "count": 10
        },
        "AnimalAgent.Environment.EpisodeLength.sum": {
            "value": 49893.0,
            "min": 45575.0,
            "max": 51152.0,
            "count": 10
        },
        "AnimalAgent.Environment.CumulativeReward.mean": {
            "value": 5.868985155008842,
            "min": 5.814323380233755,
            "max": 7.735431165406198,
            "count": 10
        },
        "AnimalAgent.Environment.CumulativeReward.sum": {
            "value": 2024.7998784780502,
            "min": 2024.7998784780502,
            "max": 3695.499967098236,
            "count": 10
        },
        "AnimalAgent.Policy.ExtrinsicReward.mean": {
            "value": 5.868985155008842,
            "min": 5.814323380233755,
            "max": 7.735431165406198,
            "count": 10
        },
        "AnimalAgent.Policy.ExtrinsicReward.sum": {
            "value": 2024.7998784780502,
            "min": 2024.7998784780502,
            "max": 3695.499967098236,
            "count": 10
        },
        "AnimalAgent.Losses.PolicyLoss.mean": {
            "value": 0.023141260566189887,
            "min": 0.020931002707220613,
            "max": 0.024468941410693026,
            "count": 10
        },
        "AnimalAgent.Losses.PolicyLoss.sum": {
            "value": 0.11570630283094943,
            "min": 0.08372401082888245,
            "max": 0.12234470705346513,
            "count": 10
        },
        "AnimalAgent.Losses.ValueLoss.mean": {
            "value": 9.020113716125488,
            "min": 8.155603404839834,
            "max": 9.331161988576252,
            "count": 10
        },
        "AnimalAgent.Losses.ValueLoss.sum": {
            "value": 45.10056858062744,
            "min": 32.622413619359335,
            "max": 46.65580994288126,
            "count": 10
        },
        "AnimalAgent.Policy.LearningRate.mean": {
            "value": 1.4977175007640001e-05,
            "min": 1.4977175007640001e-05,
            "max": 0.00028421865526045,
            "count": 10
        },
        "AnimalAgent.Policy.LearningRate.sum": {
            "value": 7.48858750382e-05,
            "min": 7.48858750382e-05,
            "max": 0.0012815118728293996,
            "count": 10
        },
        "AnimalAgent.Policy.Epsilon.mean": {
            "value": 0.10499235999999998,
            "min": 0.10499235999999998,
            "max": 0.19473954999999998,
            "count": 10
        },
        "AnimalAgent.Policy.Epsilon.sum": {
            "value": 0.5249617999999999,
            "min": 0.5249617999999999,
            "max": 0.9271706,
            "count": 10
        },
        "AnimalAgent.Policy.Beta.mean": {
            "value": 0.00025911876400000006,
            "min": 0.00025911876400000006,
            "max": 0.004737503545000001,
            "count": 10
        },
        "AnimalAgent.Policy.Beta.sum": {
            "value": 0.0012955938200000002,
            "min": 0.0012955938200000002,
            "max": 0.02136581294,
            "count": 10
        },
        "AnimalAgent.IsTraining.mean": {
            "value": 1.0,
            "min": 1.0,
            "max": 1.0,
            "count": 10
        },
        "AnimalAgent.IsTraining.sum": {
            "value": 1.0,
            "min": 1.0,
            "max": 1.0,
            "count": 10
        }
    },
    "metadata": {
        "timer_format_version": "0.1.0",
        "start_time_seconds": "1706986918",
        "python_version": "3.9.0 (tags/v3.9.0:9cf6752, Oct  5 2020, 15:34:40) [MSC v.1927 64 bit (AMD64)]",
        "command_line_arguments": "C:\\Users\\sahil\\gamedev\\Ecosystem_Simulation\\venv\\Scripts\\mlagents-learn --force",
        "mlagents_version": "0.30.0",
        "mlagents_envs_version": "0.30.0",
        "communication_protocol_version": "1.5.0",
        "pytorch_version": "1.7.1+cu110",
        "numpy_version": "1.21.2",
        "end_time_seconds": "1706987291"
    },
    "total": 373.3756224,
    "count": 1,
    "self": 0.007795800000053532,
    "children": {
        "run_training.setup": {
            "total": 0.03813460000000002,
            "count": 1,
            "self": 0.03813460000000002
        },
        "TrainerController.start_learning": {
            "total": 373.32969199999997,
            "count": 1,
            "self": 0.3120507999985307,
            "children": {
                "TrainerController._reset_env": {
                    "total": 6.6275075999999995,
                    "count": 1,
                    "self": 6.6275075999999995
                },
                "TrainerController.advance": {
                    "total": 366.34437860000145,
                    "count": 13237,
                    "self": 0.2854191000032529,
                    "children": {
                        "env_step": {
                            "total": 236.48285009999915,
                            "count": 13237,
                            "self": 193.16830240000095,
                            "children": {
                                "SubprocessEnvManager._take_step": {
                                    "total": 43.14656049999674,
                                    "count": 13237,
                                    "self": 0.8916248999965148,
                                    "children": {
                                        "TorchPolicy.evaluate": {
                                            "total": 42.25493560000022,
                                            "count": 10447,
                                            "self": 42.25493560000022
                                        }
                                    }
                                },
                                "workers": {
                                    "total": 0.1679872000014715,
                                    "count": 13237,
                                    "self": 0.0,
                                    "children": {
                                        "worker_root": {
                                            "total": 367.2428453,
                                            "count": 13237,
                                            "is_parallel": true,
                                            "self": 201.027342,
                                            "children": {
                                                "steps_from_proto": {
                                                    "total": 0.0007507999999996073,
                                                    "count": 1,
                                                    "is_parallel": true,